<?xml version="1.0" encoding="UTF-8"?>
<sgm:SoilArea xmlns:xlink="http://www.w3.org/1999/xlink"
 xmlns:gco1="http://www.isotc211.org/2005/gco"
 xmlns:gmd="http://www.isotc211.org/2005/gmd"
 xmlns:base="http://inspire.ec.europa.eu/schemas/base/3.3"
 xmlns:base2="http://inspire.ec.europa.eu/schemas/base2/2.0"
 xmlns:ge_gp="http://inspire.ec.europa.eu/schemas/ge_gp/4.0"
 xmlns:gml="http://www.opengis.net/gml/3.2"
 xmlns:sams="http://www.opengis.net/samplingSpatial/2.0"
 xmlns:sc="http://www.interactive-instruments.de/ShapeChange/AppInfo"
 xmlns:om="http://www.opengis.net/om/2.0"
 xmlns:sam="http://www.opengis.net/sampling/2.0"
 xmlns:ad="http://inspire.ec.europa.eu/schemas/ad/4.0"
 xmlns:cit="http://standards.iso.org/iso/19115/-3/cit/1.0"
 xmlns:gco="http://standards.iso.org/iso/19115/-3/gco/1.0"
 xmlns:mcc="http://standards.iso.org/iso/19115/-3/mcc/1.0"
 xmlns:swe="http://www.opengis.net/swe/2.0"
 xmlns:gss="http://www.isotc211.org/2005/gss"
 xmlns:gn="http://inspire.ec.europa.eu/schemas/gn/4.0"
 xmlns:gmlcov="http://www.opengis.net/gmlcov/1.0"
 xmlns:au="http://inspire.ec.europa.eu/schemas/au/4.0"
 xmlns:cp="http://inspire.ec.europa.eu/schemas/cp/4.0"
 xmlns:omop="http://inspire.ec.europa.eu/schemas/omop/3.0"
 xmlns:ps="http://inspire.ec.europa.eu/schemas/ps/4.0"
 xmlns:gts="http://www.isotc211.org/2005/gts"
 xmlns:INSPIRE="http://inspire.ec.europa.eu/schemas/so/4.0"
 xmlns:bro="http://www.broservices.nl/xsd/brocommon/3.0"
 xmlns:gmlsf="http://www.opengis.net/gmlsf/2.0"
 xmlns:imvert="http://www.imvertor.org/schema/system"
 xmlns:sgm="http://www.broservices.nl/xsd/sgm/1.1"
 xmlns:ge="http://inspire.ec.europa.eu/schemas/ge-core/4.0"
 xmlns:bu-base="http://inspire.ec.europa.eu/schemas/bu-base/4.0"
 xmlns:tn="http://inspire.ec.europa.eu/schemas/tn/4.0"
 xmlns:net="http://inspire.ec.europa.eu/schemas/net/4.0"
 xmlns:ompr="http://inspire.ec.europa.eu/schemas/ompr/3.0"
 xmlns:spec="http://www.opengis.net/samplingSpecimen/2.0"
 xmlns:gsr="http://www.isotc211.org/2005/gsr"
 xmlns:xsi="http://www.w3.org/2001/XMLSchema-instance"
 xsi:schemaLocation="http://www.broservices.nl/xsd/sgm/1.1 file:/D:/BRO/SGM2/technisch%20ontwerp/xsd/sgm/unknown/v20201026/Sgm.xsd" gml:id="ID000">
    <sgm:geometry>geometry0</sgm:geometry>
    <sgm:mapAreaCollection/>
    <sgm:soilSlope codeSpace="">soilSlope0</sgm:soilSlope>
    <sgm:soilUnit>
        <sgm:soilClassification codeSpace="">soilClassification0</sgm:soilClassification>
        <sgm:mainSoilClassification codeSpace="">mainSoilClassification0</sgm:mainSoilClassification>
    </sgm:soilUnit>
    <sgm:soilUnit>
        <sgm:soilClassification codeSpace="">soilClassification1</sgm:soilClassification>
        <sgm:mainSoilClassification codeSpace="">mainSoilClassification1</sgm:mainSoilClassification>
    </sgm:soilUnit>
    <sgm:relatedSoilbody>relatedSoilbody0</sgm:relatedSoilbody>
    <sgm:relatedSoilProfile xlink:href="NormalSoilProfile001.xml""></sgm:relatedSoilProfile>
    <sgm:relatedSoilProfile>
        <sgm:NormalSoilProfile gml:id="NormalSoilProfile001">
        <INSPIRE:WRBSoilName/>
        <INSPIRE:validFrom/>
        <INSPIRE:beginLifespanVersion/>
        <INSPIRE:isDescribedBy/>
        <sgm:number></sgm:number>
        <sgm:soilcode>
            <sgm:soilClassification codeSpace=""></sgm:soilClassification>
            <sgm:mainSoilClassification codeSpace=""></sgm:mainSoilClassification>
        </sgm:soilcode>
        <sgm:profileElement></sgm:profileElement>
    </sgm:NormalSoilProfile></sgm:relatedSoilProfile>    
</sgm:SoilArea>


